doc,count
Title 10.pdf,81
"DEP SEC DEF Memo, Public-Private Talent Exchange, 7 19 2018 OCR.pdf",62
DoDFMR V1CH10.pdf,54
Designation of Enterprise Services Supporting Federated Data Cataloguing.pdf,35
DFAR 2-24-2021.pdf,28
"FMR 3, 1 1 2020 OCR.pdf",27
DoD Data Strategy.PDF,26
DoDI 3115.12 CH 2.pdf,25
"FMR 11b, 1 1 2020 OCR.pdf",24
"FMR 6b, 1 1 2020 OCR.pdf",22
CJCSM 3500.03E.pdf,22
AFMAN 17-1203.pdf,20
DoDI 5000.02.pdf,20
DoDI 5200.48.pdf,20
DoDD 5205.12 CH 2.pdf,20
DoDI 5205.11 CH 2.pdf,20
DoDM 5200.01 Volume 3 CH 3.pdf,19
DAFMAN 65-605V1.pdf,19
NDAA 2017 Conference Report.pdf,18
DoDI 5000.87.pdf,18
DoDI 8500.01 CH 1.pdf,18
Designation of USD(I) as the Tactical Exploitation of National Capabilities Executive Agent.pdf,17
DoDD 5143.01 CH 2.pdf,17
H.R 406 IH 117th.pdf,17
DoDI 5000.64 CH 3.pdf,17
AD1021566.pdf,15
DoDD 1400.5.pdf,15
"FMR 1, 1 1 2020 OCR.pdf",15
"FMR 6a, 1 1 2020 OCR.pdf",15
ATP 3-37.11.pdf,14
AFMAN 17-1303.pdf,14
AFI 36-2110.pdf,14
"FMR 4, 1 1 2020 OCR.pdf",14
AFI 65-118.pdf,14
Report to Congress on the Elements of the Office of ASD Space Policy.pdf,13
AFH 10-644.pdf,13
AFMAN 23-122.pdf,13
FAR 2021-05.pdf,13
AFI 14-404.pdf,12
AFMAN 41-120.pdf,12
DoDFMR V3CH8.pdf,12
AFH 1.pdf,12
"FRM 10, 1 1 2020 OCR.pdf",11
Actions to Enhance and Accelerate Enterprise Data Management.pdf,11
DoDI 5200.44 CH 3.pdf,11
COMNAVRESFORCOMINST 5239.3A.pdf,11
AFMAN 17-1301.pdf,11
Title 5.pdf,11
DoDD 5105.21.pdf,11
DoDI 6480.04 CH 2.pdf,11
CJCSI 6211.02D.pdf,10
"DEP SEC DEF Memo, DoD Policy for Ordering Retired Military Personnel to Active Duty Pursuant to EO 13814, 3 6 2018 OCR.pdf",10
DoDM 4140.01 Volume 11 CH 3.pdf,10
DoDI 5200.39 CH 3.pdf,10
AFI 36-2903.pdf,10
AFI 25-201.pdf,10
DoDFMR V4CH27.pdf,10
FY19 Oversight Plan dated 21FEB19.pdf,10
"FMR 16, 1 1 2020 OCR.pdf",10
AFMD 39.pdf,10
DoDFMR V8CH2.pdf,10
AFMAN 91-201.pdf,9
DoDI 8520.03 CH 1.pdf,9
DoDFMR V11BCH12.pdf,9
STP 14-36B15-SM-TG.pdf,9
SECNAVINST 12271.1 CH-1.pdf,9
DoDD 5134.09.pdf,9
AFPAM 63-113.pdf,9
AFI 23-101.pdf,9
AFMAN 14-401.pdf,9
OMBM M-21-06.pdf,9
"PM 15-001, 2 9 2015 OCR.pdf",9
AI 94 CH 2.pdf,9
AFMAN 63-144.pdf,9
DoDFMR V8CH4.pdf,9
DoDM 4160.21 Volume 1 CH 3.pdf,9
CJCSI 5123.01H.pdf,9
USAR REG 385-2.pdf,9
ICD 304.pdf,9
AR 25-2.pdf,9
AR 740-26.pdf,9
DoDI 1020.05.pdf,9
ICD 122.pdf,9
Title 50.pdf,9
DoDI 5000.83.pdf,9
DoDD 5200.43 CH 3.pdf,8
DoDI 8530.01 CH 1.pdf,8
DoDI 5000.75 CH 2.pdf,8
AFMAN 16-703V3.pdf,8
OPNAVINST 3120.32D W CH-1.pdf,8
AFI 71-101V4.pdf,8
DoDD 3000.06 CH 1.pdf,8
AACP 02.1.pdf,8
DoDD 5240.01 CH 3.pdf,8
CJCSI 5002.01.pdf,8
DoDD 5100.01 CH 1.pdf,8
AFMAN 21-200.pdf,8
DAFI 33-360.pdf,8
Strategy for Homeland Defense and Defense Support of Civil Authorities.pdf,8
"DEP SEC DEF Memo, Realignment of Safety and Occupational Health Policy and Oversight of OSD, 7 16 2018 OCR.pdf",8
DAFGM 2021-32-01.pdf,8
MCTP 3-01A.pdf,8
"Summary of Defense Business Council (DBC) Meeting on April 18, 2016.pdf",8
Priority Open Recommendations Department of Defense.pdf,8
DoD Dictionary.pdf,8
2008 - PNSR - Forging a New Sheild.pdf,8
DoDD 5105.65.pdf,8
AFI 36-3037.pdf,8
AFI 32-9001.pdf,8
DAFPAM 63-128.pdf,8
FHP (Supp 9) - DoD Guidance for Deployment and Redeployment of Individuals and Units During the COVID19 Pandemic.pdf,8
Federal Cloud Computing Strategy.pdf,8
AFI 21-101.pdf,8
NAVMC 4000.5C.pdf,8
CFETP 1102C1.pdf,8
DoDFMR V11ACH3.pdf,8
AFI 36-901.pdf,8
AACP 02_PART5.pdf,8
CJCSI 6510.01F.pdf,8
DoDI 4140.01.pdf,8
DoDD 5200.47E CH 3.pdf,7
ARMY DIR 2021-11.pdf,7
DoDI 1100.23 CH 1.pdf,7
Memorandum of Understanding Between the Office of the Director of National Intelligence and the DoD.pdf,7
AFMAN 33-396.pdf,7
MCO 7300.21B.pdf,7
DoDI 5000.88.pdf,7
DoD 5220.22-M.pdf,7
BUMEDINST 5353.4B.pdf,7
Algorithmic Warfare Cross Functional Team (DTM-18-002) (FOUO).pdf,7
DoDFMR V4CH14.pdf,7
"DEP SEC DEF Memo, Department of Defense Support for the National Security Commission on Artificial Intelligence, 2 12 2019 OCR.pdf",7
Recommendation for a Presidential Commission on Artificial Intelligence.pdf,7
SECNAVINST 5720.44C CH 2.pdf,7
DoDM 5200.01 Volume 1 CH 2.pdf,7
AFMAN 65-604.pdf,7
Mission Assurance Strategy.pdf,7
Joint Officer Handbook - Staffing and Action Guide (2011).pdf,6
AAP 06.pdf,6
CFETP 51JX.pdf,6
DoDD 8140.01.pdf,6
AGO 1947-01.pdf,6
CNGBI 1400.25 Vol 800.pdf,6
Compendium 2 - Intelligence and Security Component Presentations.pdf,6
AFI 32-1020.pdf,6
Delegation of Authority to Extend or Terminate DoD Participation in Operation Warp Speed MOU.pdf,6
DoDD 3020.26.pdf,6
AFH 23-123V1.pdf,6
Title 32.pdf,6
OPNAVINST 3500.38B Appendix B.pdf,6
DoDI 4165.70 CH 1.pdf,6
BUMEDINST 4200.2D.pdf,6
Public Private Talent Exchange.pdf,6
DAFI 91-204.pdf,6
OMBM M-16-17.pdf,6
PAM 700-127.pdf,6
Guidance for COVID-19 Surveillance and Screening with SARS-CoV-2 Testing.pdf,6
BUPERSINST 12300.2A.pdf,6
"DEP SEC DEF Memo, Implementation of the Spectrum Efficient Surveillance Radar Study, 10 1 2018 OCR.pdf",6
AFI 13-103.pdf,6
TC 90-1.pdf,6
DoDD 1400.35 CH 2.pdf,6
DoDD 3160.01 CH 2.pdf,6
DoDD 5137.02.pdf,6
"DEP SEC DEF Memo, Total Force Manpower Governance for OSD, Defense Agencies, and DoD Field Activities, 6 6 2017 OCR.pdf",6
MCO 5400.52.pdf,6
DoDM 4140.01 Volume 10 CH 3.pdf,6
DoDFMR V4CH26.pdf,6
"JSI 1350.01, 7 10 2015 OCR.pdf",6
AFTTP 3-2.83.pdf,6
DoDFMR V6BCH10.pdf,6
Duties and Reponsibilities of the Under Secretary of the Navy.pdf,6
Civilian Personnel Guidance for DoD Components in Responding to Coronavirus Disease 2019.pdf,6
DoDD 5205.15E CH 2.pdf,6
DAFI 32-9005.pdf,6
CJCSI 3460.01D.pdf,6
ATP 4-33.pdf,6
DoDI 5045.01.pdf,6
ATP 6-02.53.pdf,6
DoDM 4715.26 CH 2.pdf,6
DoDI 6055.07 CH 1.pdf,6
DoDFMR V10CH23.pdf,6
Optimal Duration for Restriction of Movement.pdf,6
DoD Cloud Update (Corrected Copy).pdf,6
2019 - GAO - Substantial Efforts Needed to Achieve Greater Progress on High-Risk Areas.pdf,6
"FMR 11a, 1 1 2020 OCR.pdf",6
"DEP SEC DEF Memo, DoD Cloud Strategy, 12 18 2018 OCR.pdf",6
Requirement for the Five Eyes Nations to Establish PKI Interoperability with DoD Classified Networks.pdf,6
Use of Masks and Other Public Health Measures.pdf,6
CFETP 2S0XX.pdf,6
DoDFMR V6BCH4.pdf,6
AFMAN 11-255V3.pdf,6
DoDD 3610.01.pdf,6
Preventing Unauthorized Disclosures of Classified Information or Controlled Unclassified Information.pdf,6
Memorandum of Understanding in Support of Operation Warp Speed.pdf,6
DoDFMR V11ACH13.pdf,6
AR 351-3.pdf,6
S 1372 IS 117th.pdf,6
2017 - BPC - Building a FAST Force.pdf,6
AFI 13-500.pdf,6
COMNAVRESFORCOMINST 5040.1G.pdf,6
AFMAN 13-212V3.pdf,6
DoD Cloud Update.pdf,6
MCTP 3-40B.pdf,6
ADB406987.pdf,6
CFETP 2A5X1.pdf,6
AFI 38-101.pdf,6
DoDI 1400.25 Volume 3005.pdf,6
DoDI 5000.74.pdf,6
CFETP 3F0X1.pdf,6
DoDFMR V3CH19.pdf,5
DoDD 5105.53.pdf,5
DoDD 8521.01E CH 2.pdf,5
SECNAVINST 5500.36A.pdf,5
AFPD 25-2.pdf,5
DoDI 3020.51 CH 2.pdf,5
MCO 5200.17E.pdf,5
AFMAN 17-2101.pdf,5
CFETP 3E8X1.pdf,5
CJCSI 3270.01C.pdf,5
SECNAVINST 5239.3C.pdf,5
OPNAVINST 1000.16L With CH-2.pdf,5
DoDFMR V7ACH68.pdf,5
DoDM 5205.07 Volume 4 CH 2.pdf,5
AFMAN 65-116V2.pdf,5
AFH 23-123V3.pdf,5
OPM Fact Sheets Use of Flex Work Schedules and Use of a Maxiflex Work Schedule in Response to COVID-19.pdf,5
CNGBI 1400.25 Vol 630.pdf,5
ATP 3-11.74.pdf,5
AFMAN 41-210.pdf,5
DoDFMR V4CH5.pdf,5
CFETP 3DXXX.pdf,5
MCO 5231.3.pdf,5
Civilian Personnel Guidance Release DOD Guidance on Extension of Maximum Telework Flexibilities.pdf,5
AFI 36-2654.pdf,5
DoDD 5101.01 CH 1.pdf,5
DoDI 8320.04 CH 3.pdf,5
AFI 17-130.pdf,5
CJCSM 6510.03.pdf,5
CMDRS COMMANDER&#039;S GUIDE TO ENVIRONMENTAL MANAGEMENT.pdf,5
AFTTP 3-2.42_IP.pdf,5
ARMY DIR 2019-35.pdf,5
ATP 6-02.45.pdf,5
DoDFMR V11ACH1.pdf,5
AFI 36-808.pdf,5
"DEP SEC DEF Memo, Update to the DoD Foreign Tax Relief Policy, 9 29 2017 OCR.pdf",5
CJCSI 8010.01C.pdf,5
"DEP SEC DEF Memo, Establishment of OUSDRE and OUSDAS, 7 13 2018 OCR.pdf",5
DoDI 5105.04.pdf,5
"DEP SEC DEF Memo, Designation of the Coordinator for Cultural Heritage Protection, 7 16 2018 OCR.pdf",5
AFMAN 63-143.pdf,5
Title 38.pdf,5
AFMAN 32-1065.pdf,5
CJCSM 3265.01A.pdf,5
DoDFMR V2ACH3.pdf,5
EO 13355.pdf,5
DoDI 4165.14 CH 2.pdf,5
DAFMAN 21-201.pdf,5
Review of F-35 Joint Strike Fighter Program.pdf,5
OMBM M-18-20.pdf,5
AFPD 32-70.pdf,5
DoDFMR V4CH25.pdf,5
DoDI 1241.01.pdf,5
SECNAVINST 5239.24.pdf,5
On-Site Personnel Support for Operation Warp Speed.pdf,5
DoDI 8510.01 CH 3.pdf,5
"DoD 5500.7-R, 8 30 1993 OCR.pdf",5
BUPERSINST 5239.5.pdf,5
Title 47.pdf,5
AFTTP 3-42.6.pdf,5
"DEP SEC DEF Memo, UFOUO Classification of Full Motion Video Support in Project Maven, 7 13 2017 OCR.pdf",5
ATP 1-06.4.pdf,5
"Department Leadership Upon the Presidential Inauguration on January 20, 2017.pdf",5
"Policy Memorandum, Implementing Guidelines for Periodic Review ofDetainees Held at Guantanamo Bay per Executive Order 13567.pdf",5
DoD 5015.02-STD.pdf,5
"SEC DEF Memo, Enterprise Management and Performance Accountability, 7 12 2018 OCR.pdf",5
DoDFMR V3CH6.pdf,5
DoDI 4000.19.pdf,5
DOD-DIGITAL-MODERNIZATION-STRATEGY-2019.pdf,5
DoDI 3300.07 CH 2.pdf,5
AFI 36-2670.pdf,5
"2001 - IDA - Next Steps for Managing Defense Agencies, Field Activities, and Supporting Functions.pdf",5
DoDFMR V5CH9.pdf,5
Title 31.pdf,5
AFI 16-608.pdf,5
DoDI 8320.02 CH 1.pdf,5
DoDFMR V12CH7.pdf,5
AFTTP 3-32.10.pdf,5
SECNAVINST 3900.38C.pdf,5
AFI 32-9002.pdf,5
NAVPERCOMINST 1650.3D.pdf,5
AFPD 10-26.pdf,5
AR 5-9.pdf,5
DoDFMR V2BCH4.pdf,5
FM 3-96.pdf,5
AFI 16-1401.pdf,5
"FMR 2b, 1 1 2020 OCR.pdf",5
DoDFMR V6ACH4.pdf,5
DoDI 1430.16.pdf,5
FY17 Annual Report of Intelligence and Security Training - Compendium 1.pdf,5
DoDD 5105.42 CH 1.pdf,5
AFMAN 36-2032.pdf,5
DoDI 3325.08 CH 3.pdf,5
DHA-IP 19-005,5
DoDFMR V15CH7.pdf,5
AFMAN 63-119.pdf,5
PAM 12-1.pdf,5
DoDFMR V2ACH1.pdf,5
AFH 23-123V2PT2.pdf,5
CJCSM 5120.01B.pdf,5
2018 - Section 809 Panel - (Vol 1) Report of the Advisory Panel on Streamlining and Codifying ACQ Regulations.pdf,5
Defense Security Enterprise Business Process Reengineering.pdf,5
DoDD 5205.02E CH 2.pdf,5
DoDD 2060.02.pdf,4
AR 750-43.pdf,4
"DEP SEC DEF Memo, Safety and Occupational Health Policy and Oversight Functions, 4 10 2019 OCR.pdf",4
DoDFMR V1CH1.pdf,4
WHS Internal Use Software Accountability and Financial Reporting Strategy.pdf,4
DoDI 3020.39 CH 2.pdf,4
AFMAN 16-1404V1.pdf,4
DoDD 5240.02 CH 1.pdf,4
"DEP SEC DEF Memo, DoD Policy on Cluster Munitions, 11 30 2017 OCR.pdf",4
AFI 65-601V2.pdf,4
MCRP 4-11.1F.pdf,4
CJCSI 3401.01E.pdf,4
OPNAVINST 3140.24G.pdf,4
4th Estate Learning Management Workgroup.pdf,4
DoDI 1015.11 CH 1.pdf,4
General Guidance Publication Updated Mask Guidelines for Vaccinated Persons.pdf,4
AAP 15.pdf,4
AFGM 2020-16-01.pdf,4
AFPD 10-3.pdf,4
DoDFMR V2BCH18.pdf,4
AFI 64-117.pdf,4
"2019 - Section 809 Panel - (Vol 3, Pt 2) Report of the Advisory Panel on Streamlining and Codifying ACQ Regulations.pdf",4
DoDI 5000.02T CH 10.pdf,4
Implmentation Guidance on Restructuring Defense Intelligence - and Related Matters.pdf,4
CNGBI 1801.01.pdf,4
Business Systems Financial Interoperability and the Standard Line of Accounting.pdf,4
OMBM M-18-23.pdf,4
DoDD 5205.07 CH 2.pdf,4
DoDFMR V2BCH9.pdf,4
MCO 5000.14D.pdf,4
MCO 5090.2 ALL VOLUMES.pdf,4
Travel Restrictions Publication COVID-19 Travel Restrictions Installation Status Update.pdf,4
DoDM 5105.21 Volume 2 CH 2.pdf,4
ARMY DIR 2021-08.pdf,4
NAVMC 3500.66C.pdf,4
JROCM 075-19 16 July 2019 Signed.OCR.pdf,4
(U - FOUO) Allocation of FY 2021 Emergency and Extraordinary Expense Authority Final.pdf,4
2012 - Senator Tom Coburn Op-Ed - Department of Everything.pdf,4
Vaccine Guidance Publication Memorandum on Methods to Enable and Encourage Vaccination Against COVID-19.pdf,4
AFI 17-101.pdf,4
DoDD 3222.04 CH 2.pdf,4
AFI 61-301.pdf,4
BUMEDINST 12351.3.pdf,4
Introduction and Use of Personal Wearable Fitness Devices and Headphones within DoD Accredited Spaces and Facilities.pdf,4
DoDI 1300.26 CH 1.pdf,4
DoDFMR V2BCH19.pdf,4
US MARINES AND IRREGULAR WARFARE 1898-2007.pdf,4
AFI 13-550.pdf,4
DoDD 5111.01.pdf,4
DoDFMR V2BCH16.pdf,4
CJCSM 3320.02D.pdf,4
Final Report of the Defense Science Board 2016 Summer Study on Constrained Military Operations.pdf,4
Title 22.pdf,3
AFI 17-210.pdf,3
AR 350-38.pdf,3
DoDI 5505.16.pdf,3
CFETP 3E9X1.pdf,3
AFI 65-201.pdf,3
Strengthening Climate Adaptation Planning FY 2016 and Beyond.pdf,3
SecDef Weekly Priorities Review and National Defense Strategy Implementation Forum_20191204.pdf,3
AFMAN 16-1406V2.pdf,3
Coronavirus Disease 2019 Guidelines.pdf,3
ADB375600.pdf,3
AFPD 23-1.pdf,3
AFMAN 23-120.pdf,3
ATP 4-46.pdf,3
AFI 32-6000.pdf,3
HAFMD 1-52.pdf,3
Delegation of Authority for DoD Executive Agent Responsibility for the Armed Services Blood Program Office.pdf,3
DoDFMR V13CH7.pdf,3
AFH 10-222V2.pdf,3
Report to Congress Comparing the Cost of Civilians and Contractors.pdf,3
Middle Tier of Acquisition Interim Authority and Guidance.pdf,3
DoDI 5400.11 CH 1.pdf,3
DoDI 1020.03 CH 1.pdf,3
OMBM M-07-15.pdf,3
CI 4760.1.pdf,3
DoDI 8320.07 CH 1.pdf,3
NAVMED P-5010-10.pdf,3
2013 - DoD - OSD Organizational Review Final.pdf,3
OPNAVINST 4650.17.pdf,3
DAFI 63-146.pdf,3
DAFPD 32-90.pdf,3
OPNAVINST 5239.1D.pdf,3
MILPERSMAN 1300-1306.pdf,3
2008 - DBB - Task Group on Strengthening the DoD Enterprise Governance.pdf,3
AFI 34-205.pdf,3
DCG VOL 54 PGS 999-1334.pdf,3
DoDFMR V6BCH13.pdf,3
Travel Restrictions Publication COVID-19 Travel Restrictions Installation Status Update Nov 25 2020.pdf,3
DCG VOL 67 PGS 171-216.pdf,3
DoDI 5210.91 CH 2.pdf,3
AR 350-53.pdf,3
ARMY DIR 2018-07-16.pdf,3
DoDI 3002.04 CH 1.pdf,3
Special Leave Accrual.pdf,3
AFMAN 36-2136.pdf,3
CJCSI 3210.06A.pdf,3
Views on Senate Bill 2943 National Defense Authorization Act for FY 2017.pdf,3
Office of the Secretary of Defense (OSD) Army Intern Slating for 2018.pdf,3
CFETP 1C3X1.pdf,3
MCO 11000.12.pdf,3
DoDI 1005.16 CH 3.pdf,3
EO 13655.pdf,3
DoDI 4650.01 CH 1.pdf,3
AR 1-50.pdf,3
Presidents Budget for FY2020 Fourth Estate Manpower Moves.pdf,3
MCO 4410.16A.pdf,3
PAM 27-162.pdf,3
AR 135-175.pdf,3
EO 13311.pdf,3
STP 14-36A-OFS.pdf,3
AFMAN 21-201.pdf,3
OPNAVINST 5100.27B.pdf,3
QTP 4B051-10.pdf,3
DoDI 2040.02 CH 1.pdf,3
DoDI 3300.05 CH 2.pdf,3
DoDD 5205.14 CH 3.pdf,3
SECNAVINST 1740.5B.pdf,3
AFMAN 11-2AC-130WV3.pdf,3
CFETP 38FXC2.pdf,3
COVID 19 DAOP Update 6 Apr 20 signed.pdf,3
"DEP SEC DEF Memo, Implementing Guidelines for Periodic Review of Detainees at Guantanamo Bay Per EO 13567, 11 27 2017 OCR.pdf",3
DoDI 1400.25 Volume 1702.pdf,3
AFI 36-2650.pdf,3
AFTTP 3-42.69.pdf,3
BUMEDINST 6310.pdf,3
OMBM M-14-03.pdf,3
DoDI 1100.16.pdf,3
S 692 IS 117th.pdf,3
AFTTP 3-4.13V1.pdf,3
AFMAN 10-2503.pdf,3
CFETP 2T0X1.pdf,3
OPNAVINST 11010.33C.pdf,3
DoDI 1444.02 Volume 3 CH 1.pdf,3
OPNAVINST 5100.19F.pdf,3
AFPAM 10-219V1.pdf,3
Organizational Role of the ASD for Special Operations and Low Intensity Conflict with Respect to USSOCOM.pdf,3
AFI 90-201.pdf,3
AR 700-84.pdf,3
FM 3-24.pdf,3
HOI 65-6.pdf,3
DoDD 5118.05 CH 1.pdf,3
MCO 5230.21.pdf,3
Unauthorized Disclosures Classified Information or Controlled Unclassified Information on DoD Information Systems.pdf,3
CFETP 2F0X1.pdf,3
HOI 65-5.pdf,3
S 906 IS 117th.pdf,3
DoDI 8310.01 CH 1.pdf,3
2015 - DoD IG - Management Challenges FY 2015.pdf,3
BUMEDINST 6300.17A.pdf,3
DoDD 8750.01-M Remains in Effect to Implement the Policy in DoDD 8140.01.pdf,3
AFPD 71-1.pdf,3
DoDM 5200.45 CH 2.pdf,3
Pentagon Personnel Guidance Release Statement by Department of Defense on Increased Restrictions for the Pentagon Reservation Nov 20 2020.pdf,3
BUMEDINST 5450.241.pdf,3
Notice of Amendment to FAR to Use the National Industrial Security Program Contract Classification System_2 Sep 2020.pdf,3
DoDI 4500.43 CH 4.pdf,3
2006 - DBB - Governance Alignment and Configuration of Business Activities.pdf,3
Establishment of Cross-Functional Team to Assess and Mitigate Security Threats Posed by UAS.pdf,3
AFI 44-102.pdf,3
DoDI 3305.01 CH 2.pdf,3
2017 - RAND - Improving Oversight and Coordination That Address Problematic Behaviors.pdf,3
OPNAVINST 5100.29A.pdf,3
BUMEDINST 6010.30.pdf,3
DoDD 5106.04 CH 1.pdf,3
PAM 710-2-1.pdf,3
AFMAN 11-2TH-1HV3-CL-1.pdf,3
Acting Secretary of Defense Signature Block - Richard V. Spencer.pdf,3
AMSP 01.pdf,3
DoDI 5240.19 CH 2.pdf,3
DoDFMR V13CH5.pdf,3
BUMEDINST 6600.21.pdf,3
CFETP 4T0X1C2.pdf,3
CFETP 2A6X1.pdf,3
SECNAVNOTE 5215_5200.41.pdf,3
OPNAVINST 5239.3A.pdf,3
DoDI 1342.28.pdf,3
AR 690-300.pdf,3
Delayed Implementation of Controlled Unclassified Information Reform Program.pdf,3
CJCSI 3152.01.pdf,3
DoDD 5000.59 CH 1.pdf,3
AR 601-100.pdf,3
AR 40-7.pdf,3
AFMAN 21-202.pdf,3
DoDI 5200.02 CH 3.pdf,3
AFI 33-322.pdf,3
AFMAN 11-2CV-22V3.pdf,3
1997 - Hicks and Assoc - Report Creating a New Organization for a New Era.pdf,3
AGO 1999-12.pdf,3
AD1017490.pdf,3
PAM 70-3.pdf,3
SECNAVINST 3501.1D.pdf,3
CTA 50-900.pdf,3
Statement of Administration Policy on H.R. 4909.pdf,3
MILPERSMAN 1910-124.pdf,3
DoDI 5105.58 CH 2.pdf,3
DoDD 5525.04 CH 3.pdf,3
OMBM M-09-25.pdf,3
DoDM 4140.01 Volume 5 CH 1.pdf,3
DoDD 7045.14 CH 1.pdf,3
DoDFMR V6ACH2.pdf,3
AFH 10-222V14.pdf,3
DoDD 8190.01E CH 3.pdf,3
DoDI 1000.17 CH 1.pdf,3
DoDI 3001.02.pdf,3
OPNAVINST 3440.17A.pdf,3
Space Force Legislative Proposal.pdf,3
MILPERSMAN 7220-080.pdf,3
EO 13859.pdf,3
Title 5 Appendix.pdf,3
ICD 113.pdf,3
Interim Reg on Scheduling Annual Leave By Essential Employees in Response to COVID-19.pdf,3
DoDM 1348.33 Volume 2 CH 3.pdf,3
DoDD 5124.11.pdf,3
DoDD 5100.03 CH 1.pdf,3
Principal level Coords.pdf,3
MCO 11000.11A.pdf,3
OPNAVINST 3502.8.pdf,3
DoDI 6400.09.pdf,3
DoDFMR V12CH33.pdf,3
AR 690-200.pdf,3
2013 - PhD dissertation - Dechant GMU.pdf,3
AFI 23-201.pdf,3
OMBM M-21-15.pdf,3
DoDM 3200.14 Volume 2 CH 2.pdf,3
SECNAVINST 5000.34G.pdf,3
"FMR 7, 1 1 2020 OCR.pdf",3
MCRP 10-10E.7.pdf,3
AFMAN 64-118.pdf,3
DoDI 8420.01.pdf,3
Resource Line Adjustments to Fiscal Year 2018 Information Technology Budget.pdf,3
AFI 11-208.pdf,3
SECNAVINST 5200.44.pdf,3
AFMAN 21-209V1.pdf,3
ICD 710.pdf,3
AAMedP 1.17.pdf,3
MCO 1700.39.pdf,3
DoDI 1400.25 Volume 410.pdf,3
EO 14020.pdf,3
Interim Guidance on Leave under the Families First Coronavirus Response Act.pdf,3
DoDI 1015.10 CH 1.pdf,3
CJCSM 5760.01A Vol I.pdf,3
AFI 36-816.pdf,3
AFI 44-173.pdf,3
OPNAVINST 1752.1C.pdf,3
OPNAVINST 1520.44.pdf,3
AFI 36-3026V1_IP.pdf,3
CJCSI 5124.01.pdf,3
AFMAN 11-101.pdf,3
EO 13100.pdf,3
FHP Supp 6 DoD Guidance for Coronavirus Disease 2019 Laboratory Diagnostic Testing Services.pdf,3
AFI 17-220.pdf,3
DoDFMR V2BCH13.pdf,3
DoDI 3020.41 CH 2.pdf,3
PAM 600-8.pdf,3
STP 46-46QZ14-SM-TG.pdf,3
DoD 1033 Program Transfer of Surplus Military Equipment to Law Enforcement Agencies.pdf,3
Clarification of Policy for Management of Unauthorized Disclosures.pdf,3
AFMAN 13-106.pdf,3
DAFPD 17-2.pdf,3
DoDFMR V11ACH6.pdf,3
MCTP 10-10F.pdf,3
DoDI 5000.83 CH 1.pdf,3
Principal Deputy Assistant Secretary of Defense for Acquisition.pdf,3
Framework for Risk Categorization for Use During Independent Technical Risk Assessments.pdf,3
AFPD 36-20.pdf,3
"Acting Director, Joint Artificial Intelligence Center.pdf",3
Department of Defense Cloud Computing Strategy.pdf,3
DoDI 3020.45.pdf,3
SECNAVINST 3052.2.pdf,3
DoDI 5305.5.pdf,3
DoDI 1000.25.pdf,3
S.Res 13 IS 117th.pdf,3
DoDI 1315.18 CH 3.pdf,3
CJCSI 3209.01.pdf,3
AFI 32-1001.pdf,3
S 116 IS 117th.pdf,3
DoDI 1444.02 Volume 1 CH 1.pdf,3
Deputy Secretary of Defense Signature Block (Shanahan).pdf,3
DoDM 4140.01 Volume 2.pdf,3
DoDFMR V12CH31.pdf,3
MCTP 6-10B.pdf,3
DoDI 4170.11 CH 2.pdf,3
MCDP 1-0.pdf,3
MCO 1610.7A.pdf,3
Implementation of DoD Instruction 5210.pdf,3
AFI 36-807.pdf,3
Department of Defense Congressional Liaison Activities.pdf,3
Core Data Center Reference Architecture Version 1.0.pdf,3
MCO 3460.3.pdf,3
CFETP 2T2X1.pdf,3
CFETP 1W0X1.pdf,3
TM 5-811-1_dup1.pdf,3
AFTTP 3-2.46.pdf,3
DoDFMR V12CH10.pdf,3
AFMAN 90-1606.pdf,3
OPNAVINST 3501.160C CH-2.pdf,3
DoDI 5205.13 CH 2.pdf,3
H.R 1157 IH 117th.pdf,3
DoDI 1336.05 CH 2.pdf,3
Preserving Readiness During the Summer Months.pdf,3
OMBM M-21-20.pdf,3
OMBM M-20-31.pdf,3
Agency Strategic Plan (FY 2015-2018).pdf,3
Defense Acquisition (2013).pdf,3
Change Notification 1 - OSD Guidance for FY 2018 IT Budget Submissions - Attachment.pdf,3
Mission Assurance Assessment Program Interim Implementation (FOUO).pdf,3
AR 135-178.pdf,3
DoD Use of National Geospatial-Intelligence Agency Geospatial-Intelligence Application Store.pdf,3
AFI 71-101V3.pdf,3
DoDI 1300.24.pdf,3
DoDI 1035.01 CH 1.pdf,3
FOUO_FVEY 20200623 - Onramp Discussion.OCR.pdf,3
AR 25-50.pdf,3
ADB377785.pdf,3
"Total Force Manpower Governance for the Office of the Secretary of Defense, the Defense Agencies, and Field Activities.pdf",3
DoDI 1320.13.pdf,3
AR 700-138.pdf,3
DoDI 8910.01 CH 1.pdf,3
DoDI 2000.21 CH 1.pdf,3
AFVA 91-218.pdf,3
AFMAN 11-301V4.pdf,3
DoDI 5000.67 CH 2.pdf,3
AFI 17-203.pdf,3
OPNAVINST 5527.1D.pdf,3
NAVMC 3500.57C.pdf,3
OPNAVINST 3501.403.pdf,3
MCO 7010.20.pdf,3
OPNAVINST 3440.15E.pdf,3
PAM 600-81.pdf,3
QTP 4B071-15.pdf,3
Combat Support Agency Review Team Assessment of DISA Semi-Annual Update (July 2016).pdf,3
DoDI 1400.25 Volume 336 CH 1.pdf,3
AR 350-1.pdf,3
STP 10-92Y34-SM-TG.pdf,3
OPNAVINST 4000.84C.pdf,3
AFI 41-102.pdf,3
OPNAVINST 1000.24D.pdf,3
EO 13987.pdf,3
AR 70-77.pdf,3
DoDD 5100.20.pdf,3
FY 2022-2026 Consolidated Budget Guidance Final.pdf,3
DoD Cloud Strategy.pdf,3
AFMAN 65-116V1.pdf,3
Letters for Secretary and Deputy Secretary of Defense.pdf,3
OPNAVINST 5510.100D.pdf,3
DoDI 1444.02 Volume 2 CH 1.pdf,3
2010 - DBB - Reducing Overhead and Improving Business Operations.pdf,3
AFMAN 13-212V1.pdf,3
AFI 51-201.pdf,3
AFI 90-1001.pdf,3
AFI 17-201.pdf,3
H.Res 245 IH 117th.pdf,3
"DEP SEC DEF Memo, 2 11 2019, Joint Artificial Intelligence Center Personnel Requirements for FY19, 2 11 2019 OCR.pdf",3
ENTERPRISE STORM Signed Memo 22Sep20.pdf,3
AFI 36-117.pdf,3
H.Res 121 IH 117th.pdf,3
OMBM M-19-15.pdf,3
Reorganization of the Office of the Deputy Chief Management Officer (Action Memo).pdf,3
ADB390767.pdf,3
Appointment of Acting Deputy DoD CIO for Cyber Security (Firmin).pdf,3
Acting Director - Defense Threat Reduction Agency (Horner).pdf,3
DOD Directives Review - Phase II.pdf,3
AR 600-8-24.pdf,3
DoDFMR V2BCH8.pdf,3
DA PAM 27_162.pdf,3
DoDFMR V16CH6.pdf,3
"DEP SEC DEF Memo, UFOUO Enhancing Cybersecurity Risk Management for Control Systems Supporting DoD Defense Critical Infrastructure, 7 19 2018 OCR.pdf",3
DoDI 5025.01 CH 3.pdf,3
Procedures and Schedule for FY 2022 -FY 2026 Program and Budget Reviews (FOUO).pdf,3
HOI 33-18.pdf,3
AR 670-1.pdf,3
DoDI 5210.02 CH 2.pdf,3
TC 55-60-18.pdf,3
Interagency OPSEC Support Staff - USB Devices.pdf,3
"DEP SEC DEF Memo, Transition of Policy Memo 16-002, 321 2019 OCR.pdf",3
DoDD 8100.02.pdf,3
AJP 3.14.pdf,3
DoDI 1350.02.pdf,3
BUPERSINST 5450.61A.pdf,3
AR 623-3.pdf,3
Policies and Procedures Needed to Reconcile MOD Advisors Program Disbursements.pdf,3
DoDM 5200.01 Volume 2 CH 4.pdf,3
ARMY DIR 2018-18.pdf,3
AR 140-145.pdf,3
MCO 3440.7C.pdf,3
DoDD 3020.40 CH 1.pdf,3
DoDFMR V11BCH13.pdf,3
AFMAN 11-2FTV3.pdf,3
AI 103 CH 1.pdf,3
AFPAM 65-110.pdf,3
AR 15-1.pdf,3
2017 Unified Command Plan Revision (FOUO).pdf,3
MCO 12510.2D.pdf,3
OMBM M-09-26.pdf,3
AFTTP 3-2.44.pdf,3
CIM 5810.1G.pdf,3
CJCSI 3100.01D.pdf,3
DoDI 6025.20 CH 2.pdf,3
DoDFMR V4CH28.pdf,3
Coronavirus COVID Schedule A Hiring Authority.pdf,3
DoDD 5010.42.pdf,3
BUPERSINST 1001.39F.pdf,3
HOI 33-17.pdf,3
Principal Deputy Assistant Secretary of Defense for Logistics and Materiel Readiness (Aug 2016).pdf,3
MCO 1740.13D.pdf,3
DoD 5200.08-R CH 2.pdf,3
Final Report of the DSB on Deterring Preventing and Responding to the Threat or Use of Weapons of Mass Destruction.pdf,3
OMBM M-08-06.pdf,3
CFETP 6F0X1.pdf,3
DoDI 8330.01 CH 2.pdf,3
DoDM 5100.76 CH 2.pdf,3
AFI 62-601.pdf,3
Transfer of USD(I) Principal Staff Assistant Responsibilities for DoD Chemical and Biological Security.pdf,3
DoDM 4140.25 Volume 5 CH 2.pdf,3
ARMY DIR 2018-07-13.pdf,3
AFPD 10-30.pdf,3
STANAG 4676.pdf,3
ARMY DIR 2017-05.pdf,3
TB MED 530.pdf,3
Delegation of Authority for Joint Basing Program Management.pdf,3
AR 600-8-104.pdf,3
Human Resources Flexibilities Available for Federal Employees Impacted by the 2019 Novel Coronavirus.pdf,3
DoDM 1342.12.pdf,3
DoDI 6055.12.pdf,3
COMNAVRESFORCOMNOTE 4200_dup1.pdf,3
AFMAN 11-415.pdf,3
DAFI 48-122.pdf,3
AFJI 23-504.pdf,3
DoDM 5205.07 Volume 1 CH 2.pdf,3
Markup of the FY2017 Homeland Security Appropriations Bill.pdf,3
DoDI 5505.15 CH 2.pdf,3
MILPERSMAN 1301-110.pdf,3
Duties of the Principal Deputy Assistant Secretary of Defense for Health Affairs.pdf,3
AFI 23-111.pdf,3
AFI 1-2.pdf,3
AD1032350.pdf,3
S.Res 103 IS 117th.pdf,3
SRD 1_to_AJMedP-3.pdf,3
AR 40-35.pdf,3
CJCSI 3500.01J.pdf,3
SECNAVINST 5430.107A.pdf,3
DoDD 5118.03 CH 1.pdf,3
DoDI 1300.18 CH 1.pdf,3
ICD 702.pdf,3
Use of Government Aircraft and Air Travel.pdf,3
DAFMAN 1-101.pdf,3
DoDD 5105.86.pdf,3
DTM-12-006 CH 9.pdf,3
AFPD 21-2.pdf,3
BUMEDINST 6010.29A.pdf,3
SECNAVINST 1000.11.pdf,3
"Reorg of the Directorate for Management, Policy, and Analysis, Office of the Deputy Chief Management Officer.pdf",3
DoDI 6130.03 Volume 1 CH 2.pdf,3
AFJQS 2XXXX.pdf,3
OPNAVINST 1752.2C.pdf,2
ICD 302.pdf,2
DoDI 6055.17 CH 3.pdf,2
DoDFMR V4CH2.pdf,2
DoDI 1330.21.pdf,2
OMBM M-21-22.pdf,2
DoDI 8531.01.pdf,2
Re-establishment of the ASD for Intelligence Oversight and the Director of Admin and Mgmt.PDF,2
CFETP 2R1X1.pdf,2
HOI 36-16.pdf,2
DoDI 5220.22 CH 2.pdf,2
CFETP 2A7X3.pdf,2
HOI 65-4.pdf,2
MILPERSMAN 1320-314.pdf,2
AFMAN 34-135.pdf,2
Title 2.pdf,2
2014 - OSD - Reorganization of OSD to Carry Out Reductions in the Number of DUSDs.pdf,2
DoDM 3025.01 Volume 3 CH 1.pdf,2
DoDI 3325.11 CH 2.pdf,2
ATP 3-21.10.pdf,2
AR 600-8-2.pdf,2
2015 - Paul Scharre Testimony to SASC - The Future of Warfare.pdf,2
SECNAVINST 5370.7E.pdf,2
FY16 SecDef Heartburn Letter to Chairman McCain.pdf,2
OPNAVINST 5400.45.pdf,2
2015 - David Deptula Testimony to SASC - Revisiting the Roles and Missions of the Armed Forces.pdf,2
DoDI 7041.03 CH 1.pdf,2
2016 - CNAS - The Labyrinth Within Reforming the Pentagons Budgeting Process.pdf,2
DoDI 6490.04 CH 1.pdf,2
AAMedP 1.1.pdf,2
AFMAN 32-7002.pdf,2
AR 25-13.pdf,2
CFETP 2A6X5.pdf,2
Catalog of Caring - 2015 Combined Federal Campaign.pdf,2
DoDM 1416.08 CH 1.pdf,2
STP 44-14T14-SM-TG.pdf,2
AI 117 CH 1.pdf,2
ATP 4-93.1.pdf,2
AFI 34-101.pdf,2
UP THE SLOT_MARINES IN THE CENTRAL SOLOMONS.pdf,2
AFMAN 48-138_IP.pdf,2
AAP 56.pdf,2
_U__JCC2_Capability_Alignment_20200623__CUI__CLEAR.OCR.pdf,2
DoDI 5525.18 CH 3.pdf,2
DA MEMO 25-52.pdf,2
SECNAVINST 3850.2E.pdf,2
AFI 48-127.pdf,2
AFI 44-108.pdf,2
DoDI 1015.12.pdf,2
DoDI 5158.06.pdf,2
DHA-PM 6015.01,2
DoDI 3224.03.pdf,2
AR 11-2.pdf,2
OPNAVNOTE 5450.4102.pdf,2
EO 13988.pdf,2
AEP 67.pdf,2
"FMR 9, 1 1 2020 OCR.pdf",2
Title 15.pdf,2
Designation of Authority to Initiate Coordination and to Coordinate on DoD Issuances.pdf,2
Military Personnel Guidance Military Personnel Guidance for Department of Defense Components in Responding to Coronavirus Disease 2019.pdf,2
CFETP 21RX.pdf,2
Bridge Action Reduction Measures and Reporting Requirement.pdf,2
Change to Major Defense Acquisition Program Milestone B Requirements.pdf,2
AFI 90-301.pdf,2
PAM 71-32.pdf,2
NAVMC 3500.100B.pdf,2
CIM 5830.1A.pdf,2
OMBM M-12-11.pdf,2
OMBM M-20-21.pdf,2
AFMAN 36-2102.pdf,2
BUMEDINST 12351.1B.pdf,2
DoDFMR V8CH9.pdf,2
USMC INTERAGENCY INTEGRATION STRATEGY PART I.pdf,2
DoDI 3002.03 CH 1.pdf,2
DTM-20-004.pdf,2
FM 3-09.pdf,2
DoDI 5240.18 CH 3.pdf,2
AR 5-1.pdf,2
Approval of Identify Federation Service Providers Remote Desktop Services Jumpbox Solution for the USCG.pdf,2
SECNAVINST 2400.2A.pdf,2
DoDI 6200.03.pdf,2
MILPERSMAN 1070-150.pdf,2
Policy Memo Implementing Guidelines For Periodic Review Of Guantanamo Bay Per Executive Order 13567.pdf,2
DoDI 6015.17 CH 1.pdf,2
SECNAVINST 5305.6.pdf,2
DAFMAN 63-119.pdf,2
PAM 220-1.pdf,2
DoDD 5136.01 CH 1.pdf,2
SECNAVINST 5420.201.pdf,2
CJCSM 4301.01.pdf,2
QTP 4P0X1-9.pdf,2
DoDD 3100.16 CH 1.pdf,2
ATP 3-35.pdf,2
AFPD 16-14.pdf,2
"FMR 0a, 1 1 2020 OCR .pdf",2
AFI 65-503.pdf,2
AFI 44-177.pdf,2
DoDI 8523.01.pdf,2
ATP 1-0.1.pdf,2
Civilian Duty Status and Use of Weather and Safety Leave during COVID-19 Pandemic.pdf,2
ARMY DIR 2016-07.pdf,2
USAR REG 140-4.pdf,2
ADB391270.pdf,2
AFMAN 11-2MQ-9V3.pdf,2
COMNAVRESFORCOMINST 7100.1E.pdf,2
NAVPERCOMINST 12410.1A.pdf,2
DoDM 5205.07 Volume 3 CH 3.pdf,2
DoDD 5101.21E.pdf,2
Defense Acquisition Services.pdf,2
ATP 3-39.20.pdf,2
AR 600-8-101.pdf,2
CIM 3010.11E.pdf,2
TC 2-19.01.pdf,2
AFI 65-107.pdf,2
DoDD 5134.12 CH 1.pdf,2
OPNAVINST 5354.1G.pdf,2
DoD Representative for Oceans Policy Affairs.pdf,2
Acting Principal Deputy Under Secretary of Defense for Intelligence (Meiners).pdf,2
AJP 3.pdf,2
DoDI 5525.16 CH 3.pdf,2
DoDM 5200.02 Ch 1.pdf,2
UNITED STATES NAVY REGULATIONS.pdf,2
AR 10-87.pdf,2
AFPD 31-1.pdf,2
COMNAVRESFORCOMINST 12610.2B.pdf,2
SECNAVINST 5460.4.pdf,2
AFI 63-101_20-101.pdf,2
ICD 651.pdf,2
DoDI 8540.01 CH 1.pdf,2
AFTTP 3-2.85.pdf,2
AR 638-2.pdf,2
EO 13962.pdf,2
DoDD 5148.11.pdf,2
CJCSI 6731.01C.pdf,2
Level of Detail Required on Contract for Earned Value Reporting.pdf,2
EO 13526.pdf,2
AGO 2021-04.pdf,2
AFI 34-144.pdf,2
ADP 4-0.pdf,2
AFI 32-7020.pdf,2
MCO 6220.2.pdf,2
AR 210-22.pdf,2
H.R 1251 EH 117th.pdf,2
HAFMD 1-18.pdf,2
Review of DoD Space Enterprise Governance (2017).pdf,2
BUMEDNOTE 6470.pdf,2
MCO 5230.20.pdf,2
DoDI 1322.29 CH 1.pdf,2
DoDI 5025.13.pdf,2
PAM 638-2.pdf,2
"SEC DEF Memo, Implementing Guidelines for Periodic Review of Detainees Held at Guantanamo Bay, 2 15 2019 OCR.pdf",2
CJCSI 1801.01E.pdf,2
Changes to Decision Process and Forum for FY 2021-2025 Integrated Program-Budget Review.pdf,2
AR 70-1.pdf,2
ICPG 704.5.pdf,2
Approval of the DoD Forensics and Biometrics Reference Architecture v2.0.pdf,2
DoDI 1010.04 CH 1.pdf,2
DoDI 5200.08 CH 3.pdf,2
HOI 23-1.pdf,2
DoDI 1010.16.pdf,2
MCO 5710.6D.pdf,2
RESPERSMAN 1300-080.pdf,2
DoDD 5160.62 CH 2.pdf,2
DoDM 4500.36 CH 1.pdf,2
DoDI 1444.02 Volume 4 CH 1.pdf,2
Designation of USSOCOM as the Lead Component Tasked with Executive Agent Responsibilities for NATO Special Operations HQ.pdf,2
MCTP 3-30A.pdf,2
2017 - BENS - Corporate Reorganization Keys for Success.pdf,2
TM 5-692-1_dup1.pdf,2
"DEP SEC DEF Memo, Policy and Procedures for Reductions in Force in the Civilian Workforce,  19 2017 OCR.pdf",2
USAR PAM 350-1.pdf,2
AbilityOne Base Supply Center Program.pdf,2
2005 - NDU - Beyond Goldwater-Nichols - New Proposals for Defense Reform.pdf,2
ATP 3-39.30.pdf,2
NAVMC 3500.117 CH 1.pdf,2
AFI 36-2606.pdf,2
AFPD 63-1.pdf,2
AFI 10-701.pdf,2
OPNAVINST 11010.20H CH-1.pdf,2
MCO 3120.12A.pdf,2
SECNAVINST 5100.13F.pdf,2
DoDI 2000.12 CH 3.pdf,2
DoD Support for the National Security Commission on Artificial Intelligence.pdf,2
DoDFMR V1CH3.pdf,2
CJCSI 1800.01F.pdf,2
HOI 33-14.pdf,2
OPNAVINST 9420.2A.pdf,2
DoDFMR V7ACHDef.pdf,2
NAVMC 3500.103_P2.pdf,2
HAFMD 1-26.pdf,2
Commercial-Off-The-Shelf Unmanned Aerial Systems.pdf,2
DoDM 5240.01.pdf,2
MILPERSMAN 1000-030.pdf,2
DoDFMR V4CH24.pdf,2
Establishment of the OUSD for Research and Engineering and the OUSD for Acquisition and Sustainment (FOUO).pdf,2
DoDI 5000.89.pdf,2
DoDI 3020.47.pdf,2
SECNAVINST 3820.3F.pdf,2
CREATION OF THE OFFICE OF THE SECRETARY OF DEFENSE DIRECTOR FOR STRATEGIC COMPETITION Final.pdf,2
CFETP 4A2X1.pdf,2
OPNAVINST 5100.23H.pdf,2
DoDD 5210.50 CH 2.pdf,2
Performance Management Guidance for End of FY 2015 Beginning of FY 2016 Activities.pdf,2
AFI 91-101.pdf,2
AFGM 2020-32-01.pdf,2
DAFI 10-3001.pdf,2
ARMY DIR 2020-06.pdf,2
DoDI 4715.23 CH 1.pdf,2
Personnel Announcement (CoS for DSD - Hedger).pdf,2
Title 16.pdf,2
BUPERSINST 5239.4.pdf,2
OPNAVINST 4770.5H.pdf,2
DoDM 5105.21 Volume 3 CH 2.pdf,2
DoDFMR V11BCH11.pdf,2
FHP Supp 5 DoD Guidance for Mvmt and Med Treatment of COVID-19 Patients Symptomatic PUIs or Potentially Exposed.pdf,2
Total Force Manpower Governance for the OSD Defense Agencies and DoD Field Activities.pdf,2
BUMEDINST 7050.1B.pdf,2
AR 135-155.pdf,2
DoDI 8320.03 CH 2.pdf,2
AFI 11-253.pdf,2
PAM 25-40.pdf,2
NAVMC 3500.108B.pdf,2
Title 43.pdf,2
Establishment of Directorate for Oversight and Compliance within ODCMO.pdf,2
Title 18.pdf,2
H.R 210 IH 117th.pdf,2
Data Center Optimization Initiative (DCOI).pdf,2
FHP Guidance (Supplement 14) - DoD Guidance for Personnel Traveling During the Coronavirus Disease 2019 Pandemic.pdf,2
AAMedP 1.9.pdf,2
AFMAN 34-201.pdf,2
AFI 31-118.pdf,2
DoDI 6010.23 CH 2.pdf,2
SECNAVINST 5230.14.pdf,2
DoDM 4140.25 Volume 3 CH 2.pdf,2
DoDI 1000.27.pdf,2
OPNAVINST 5530.13C.pdf,2
MCRP 2-10B.6.pdf,2
"SEC DEF Memo, Implementation Guidance for the OUSDRE and OUSDAS, 1 31 2018 OCR.pdf",2
Continuity of Leadership During the Reorganization of the Office of the USD for Acquisition Technology and Logistics.pdf,2
CJCSI 5116.05,2
DoDI 1205.18.pdf,2
H.Res 370 IH 117th.pdf,2
DoDM 4160.21 Volume 2 CH 3.pdf,2
AFI 48-117.pdf,2
2013 - CNAS - Seven Deadly Sins.pdf,2
Information Technology Consolidation Consideration.pdf,2
OPNAVINST 5400.44A.pdf,2
OPNAVINST 3501.395.pdf,2
HOI 65-1.pdf,2
DoDI 1400.25 Volume 2010.pdf,2
DoDD 5101.22E.pdf,2
DoDFMR V7BCH16.pdf,2
AJP 3.3.pdf,2
CNGBI 5052.01A.pdf,2
AI 8.pdf,2
AFI 32-7001.pdf,2
AR 73-1.pdf,2
SECNAVINST 5000.38C.pdf,2
SECNAVINST 7110.12.pdf,2
2010 - OSD - Revised Organizational Structure for the Office of the Secretary of Defense.pdf,2
"DEP SEC DEF Memo, Implementing Guidelines for Periodic Review of Guantanamo Bay Detainees, 3 28 2017 OCR.pdf",2
DoDI 5410.01.pdf,2
Title 52.pdf,2
NAVMC 3500.105B.pdf,2
MCO 4600.41A.pdf,2
DoDI 5010.43.pdf,2
DoDD 5144.02 CH 1.pdf,2
AR 15-6.pdf,2
AFMAN 11-2ERQ-4V3.pdf,2
AFI 65-603.pdf,2
OPNAVINST 5400.2000 21.pdf,2
CJCSI 3317.01.pdf,2
20201009_COVID-19 and the Threat of Community Spread_Dir WHS signed.pdf,2
AR 381-12.pdf,2
ARMY DIR 2018-22.pdf,2
CJCSI 3320.02F.pdf,2
AFI 36-810.pdf,2
S 140 IS 117th.pdf,2
SECNAVINST 5530.4E.pdf,2
H.R 1868 EH 117th.pdf,2
FORTITUDINE VOL 29 NO 1.pdf,2
2016 - GAO - Military Readiness DoDs Readiness Rebuilding Efforts.pdf,2
AFH 23-123V2PT4.pdf,2
H.R 1319 ENR 117th.pdf,2
DoDFMR V14CH2.pdf,2
DoDFMR V7ACH66.pdf,2
DoDM 5220.22 Vol 2 CH 1.pdf,2
DoDD 5111.03 CH 1.pdf,2
FY 2014 and 2015 Combined DoD Operations Security Program Report.pdf,2
COMNAVRESFORCOMNOTE 5400.pdf,2
CFETP 3E0X1.pdf,2
AFI 99-103.pdf,2
Preventing Breaches of PII.pdf,2
Guidance for Providing and Using Administrative Data for Statistical Purposes.pdf,2
DoDI 1400.25 Volume 1406 CH 1.pdf,2
SECNAVINST 4900.50B.pdf,2
DoDD 5105.87 CH 1.pdf,2
PAM 40-506.pdf,2
DCG VOL 55 PGS 1151-1236.pdf,2
UCDSMO Disestablishment and Functional Transition to the NCDSMO.pdf,2
AR 37-104-4.pdf,2
AFMAN 32-1061.pdf,2
AFI 32-1015.pdf,2
MCRP 2-10B.5.pdf,2
CJCSM 3150.14B.pdf,2
AR 600-8-7.pdf,2
2017 - Hoover Insistution - Total Volunteer Force Blueprint for Pentagon Personnel Reform.pdf,2
OPNAVINST 3130.6E.pdf,2
SECNAVINST 1000.10B.pdf,2
AFPD 16-13.pdf,2
CFETP 64PXC1.pdf,2
DHA-PI 6200.06,2
DoDD 5124.02.pdf,2
DoDI 1015.15 CH 1.pdf,2
DoDI 4165.72 CH 2.pdf,2
MARINE CORPS MANUAL W_CH 1-3.pdf,2
AFI 10-2402.pdf,2
Order of Succession for Director WHS (2016).pdf,2
AR 710-2.pdf,2
2006 - DSB - A Summer Study on Transformation- Progress Assessment Vol 2.pdf,2
AFI 13-114V1.pdf,2
"DEP SEC DEF Memo, Warfighter Senior Integration Group Delegation of Authority, 4 4 2018 OCR.pdf",2
DoDFMR V10CH12.pdf,2
"SEC DEF Memo, Interim Guidance on Security Cooperation Activities Under Title 10 USC Section 321, 6 14 2017 OCR.pdf",2
EO 13985.pdf,2
AGO 2006-04.pdf,2
Terms of Reference - Implemention of Presidential Memorandum on Military Service by Transgender Individuals.pdf,2
DoDI 5525.14 CH 4.pdf,2
Joint Regional Security Stack (JRSS) Concept of Employment Version 1.pdf,2
DTM-19-010 CH 1.pdf,2
DoDI 8110.01.pdf,2
HQDA POLICY NOTICE 3853.pdf,2
SECNAVINST 12351.5G.pdf,2
DoDI 2060.03.pdf,2
H.Res 299 IH 117th.pdf,2
OMBM M-12-20.pdf,2
TC 21-7.pdf,2
DoDFMR V7BCH44.pdf,2
CCJO_JF_2030.pdf,2
AFI 65-106.pdf,2
OPNAVINST 5350.6D.pdf,2
"SEC DEF Memo, Congressional Requests for Access to Operationall Plans and Orders, 5 8 2019 OCR.pdf",2
CJCSI 3125.01D.pdf,2
AFMAN 11-2U-28V3.pdf,2
OMBM M-98-03.pdf,2
Permanent Organizational Placement and Leadership of the Department&#039;s Civil Liberties Program.pdf,2
DoDFMR V15CH3.pdf,2
AGO 1979-13.pdf,2
DoDM 5000.04.pdf,2
DoDI 5010.40 CH 1.pdf,2
AFPAM 23-221.pdf,2
Establishment of the Joint All-Domain Command and Control Cross-Functional Team.pdf,2
AR 608-1.pdf,2
AGO 1969-59.pdf,2
Renaming the DSS as the Defense Counterintelligence and Security Agency.pdf,2
SECNAVINST 5510.30C.pdf,2
SECNAVINST 5200.45.pdf,2
HAFMD 1-54.pdf,2
AR 20-1.pdf,2
DoDI 1300.28_dup1.pdf,2
CJCSI 2700.01G.pdf,2
OMBM M-11-03.pdf,2
DoDI 5525.17 CH 3.pdf,2
STP 11-25Z4-SM-TG.pdf,2
Designation of Acting Deputy Under Secretary of Defense (Installations and Environment) (Conger).pdf,2
USAR REG 215-1.pdf,2
CNGBI 5050.01A.pdf,2
SECNAVINST 5300.26E.pdf,2
DCG VOL 54 PGS 819-936.pdf,2
Policy Memorandum Implementing Guidelines for Periodic Review of Detainees Held at Guantanamo Bay per EO 13567.pdf,2
Acting Assistant to the Secretary of Defense for Public Affairs (Cook).pdf,2
AFPD 65-1.pdf,2
PNT RESERVATION REENTRY GUIDE.pdf,2
Implementation of Recommendations for DoD Civilian Cyber Personnel.pdf,2
HAFMD 1-16.pdf,2
AR 525-28.pdf,2
OPNAVINST 1320.6.pdf,2
AR 570-4.pdf,2
ATP 3-90.40.pdf,2
MILPERSMAN 1050-010.pdf,2
AFI 36-815.pdf,2
DoDD 5111.18.pdf,2
DoDD 5111.13.pdf,2
Delegation of Authority for Other Transactions for Prototype Projects (SOCOM).pdf,2
OPNAVINST 11320.23G.pdf,2
DoDD 5105.60.pdf,2
2016 - RAND - DoD Experiences with Substituting Govt Employees with Military Personnel.pdf,2
Realignment of Certain WHS Enterprise Management (EM) Functions.pdf,2
SECNAVINST 1650.1J.pdf,2
DoDFMR V11BCH3.pdf,2
AFMD 35.pdf,2
AR 600-8-6.pdf,2
DoDI 5200.01 CH 2.pdf,2
NAVPERCOMINST 12410.1.pdf,2
FY 2017 Annual Report of DoD Intelligence and Security Training Education and Certification (FOUO).pdf,2
USAR PAM 55-2.pdf,2
MILPERSMAN 1770-280.pdf,2
Streamlining COVID-19 Tiered Testing Requirements Reporting.pdf,2
FHP Supp 7 DoD Guidance for the Use of Cloth Face Coverings PPE and Non-Pharmaceutical Interventions During Coronavirus.pdf,2
AR 600-3.pdf,2
DoDI 1442.02.pdf,2
S 687 IS 117th.pdf,2
EO 13994.pdf,2
DoDI 1300.28.pdf,2
AR 385-10.pdf,2
DoDI 5240.04 CH 2.pdf,2
AR 5-21.pdf,2
MILITARY SERVICE BY TRANSGENDER PERSONS AND PERSONS WITH GENDER DYSPHORIA.pdf,2
AGO 1947-18.pdf,2
DoDD 5111.21 CH 1.pdf,1
MCDP 2.pdf,1
DoDI 1354.01.pdf,1
DoDI 3305.10 CH 2.pdf,1
AFI 48-133.pdf,1
OPNAVNOTE 5400.2005.pdf,1
AFPD 10-24.pdf,1
CJCSI 3213.01D.pdf,1
ADB407548.pdf,1
AR 621-8.pdf,1
CNGBI 7500.00.pdf,1
