AAFES,GCORG
ACC,GCORG
ACMC,GCPER
ADO,GCORG
ADUSD(TP),GCPER
AETC,GCORG
AFGSC,GCORG
AFMC,GCORG
AFOSI,GCORG
AFRC,GCORG
AFRH,GCORG
AFRL,GCORG
AFROTC,GCORG
AFSOC,GCORG
AFSPC,GCORG
AMC,GCORG
AMEDD,GCORG
ANG,GCORG
ARBA,GCORG
ARL,GCORG
ARNG,GCORG
ASBCA,GCORG
ASD(FM&P),GCPER
ASD(GSA),GCPER
ASD(HA),GCPER
ASD(HD&ASA),GCPER
ASD(HD&GS),GCPER
ASD(IO),GCPER
ASD(IPSA),GCPER
ASD(ISA),GCPER
ASD(L&MR),GCPER
ASD(LA),GCPER
ASD(NCB),GCPER
ASD(NII),GCPER
ASD(OEPP),GCPER
ASD(PA),GCPER
ASD(RA),GCPER
ASD(RI),GCPER
ASD(S),GCPER
ASD(SO/LIC&IC),GCPER
ASD(SO/LIC),GCPER
Assistant to the Chairman,GCPER
Assistant to the Chairman of the Joint Chiefs of Staff,GCPER
C4,GCPER
CAPE,GCPER
CBP,GCORG
CCLTF,GCORG
CCMD,GCORG
CCMD,GCPER
CDO,GCPER
CDRAFNORTH,GCPER
CDRJSOTF,GCPER
CDRNORAD,GCPER
CDRSOJTF,GCPER
CDRTSOC,GCPER
CDRUSAFRICOM,GCPER
CDRUSARNORTH,GCPER
CDRUSCENTCOM,GCPER
CDRUSCYBERCOM,GCPER
CDRUSELEMNORAD,GCPER
CDRUSEUCOM,GCPER
CDRUSINDOPACOM,GCPER
CDRUSNORTHCOM,GCPER
CDRUSSOCOM,GCPER
CDRUSSOUTHCOM,GCPER
CDRUSSPACECOM,GCPER
CDRUSSTRATCOM,GCPER
CDRUSTRANSCOM,GCPER
CECER,GCORG
CECRL,GCORG
CELRD,GCORG
CEMVD,GCORG
CENAD,GCORG
CENWD,GCORG
CENWD-MR,GCORG
CENWD-NP,GCORG
CEPOD,GCORG
CERT,GCORG
CESAD,GCORG
CESPD,GCORG
CESWD,GCORG
CETEC,GCORG
CEWES,GCPER
CFO,GCORG
CFO,GCPER
CG-00,GCPER
CHCOC,GCORG
CIA,GCORG
CIC,GCORG
CIO,GCORG
CISA,GCORG
CJCS,GCPER
CMC,GCPER
CSS,GCORG
Commandant of the U.S. Coast Guard,GCPER
Component Heads,GCPER
D/CIA,GCPER
DA&M,GCPER
DARPA,GCORG
DAU,GCORG
DCAA,GCORG
DCIS,GCORG
DCMA,GCORG
DCSA,GCORG
DECA,GCORG
DFAS,GCORG
DHA,GCORG
DHM,GCPER
DHRA,GCORG
DHS,GCORG
DIA,GCORG
DIRMOBFOR,GCPER
DIRNSA,GCPER
DIRSPACEFOR,GCPER
DISA,GCORG
DJ-7,GCPER
DJS,GCPER
DLA,GCORG
DLSA,GCORG
DMA,GCORG
DNFSB,GCORG
DNI,GCPER
DOD,GCORG
DOD EA,GCORG
DoD EA,GCORG
DOD TRMC,GCORG
DOT&E,GCPER
DPAA,GCORG
DPMO,GCORG
DSCA,GCORG
DSS,GCORG
DTIC,GCORG
DTRA,GCORG
DTSA,GCORG
DUSD(I&E),GCPER
DUSD(MPP),GCPER
DUSD(SPF),GCPER
OSD,GCORG
DepSecDef,GCPER
Department of Defense,GCORG
Department of Defense Civilian/Military Service Board,GCORG
Department of the Air Force,GCORG
Department of the Army,GCORG
Department of the Navy,GCORG
Director of Management,GCPER
Director of Military Family Readiness Policy,GCPER
Director of Small Business Programs,GCPER
"Director, DIA",GCPER
"Director, DLA",GCPER
DoD CIO,GCPER
DoD Civilian/Military Service Review Board,GCORG
DoD Civilians Military Service Review Board,GCORG
DoD Components,GCORG
DoD Component Heads,GCPER
EMSO CFT,GCORG
ESGR,GCORG
ExecSec,GCPER
FVAP,GCORG
GAO,GCORG
GC DoD,GCPER
GC,GCPER
General Counsel,GCPER
GSA,GCORG
HICE,GCPER
HICEs,GCPER
Heads of DoD Components,GCPER
Heads of the DoD Components,GCPER
J1,GCPER
J2,GCPER
J3,GCPER
J4,GCPER
J5,GCPER
J8,GCPER
JCS,GCORG
JFSC,GCORG
JPEOCBRND,GCORG
JPRA,GCORG
Joint History Office,GCORG
MAJCOMS,GCORG
MARFORCOM,GCORG
MDA,GCORG
MEU,GCORG
MIB,GCORG
MPSA,GCORG
NAG,GCORG
NASA,GCORG
NCIS,GCORG
NDU,GCORG
NGA,GCORG
NGB,GCORG
NIU,GCORG
NRL,GCORG
NRO,GCORG
NSA,GCORG
OCMO,GCORG
ODASD(MR),GCPER
ODNI,GCORG
OSD Component heads,GCPER
OEA,GCORG
OFT,GCPER
OJCS,GCORG
ONA,GCPER
ONI,GCORG
ONR,GCORG
Office of the General Counsel,GCORG
Office of the Secretary of Defense,GCORG
PACAF,GCORG
PCTTF,GCORG
PDUSD(P&R),GCPER
PFPA,GCORG
SCOTUS,GCORG
SDA,GCORG
SMA,GCPER
SMC,GCORG
SMMC,GCPER
SSS,GCORG
SoS,GCPER
SecDef,GCPER
Secretary of State,GCPER
Secretary of the Air Force,GCPER
Secretary of the Army,GCPER
Secretary of the Department of Veterans Affairs,GCPER
Secretary of the Navy,GCPER
UNDER SECRETARY OF DEFENSE (COMPTROLLER)/CHIEF FINANCIAL OFFICER,GCPER
UCC,GCORG
USACE,GCORG
USAF,GCORG
USAFE,GCORG
USAFMCOM,GCORG
USAFRICOM,GCORG
USAID,GCORG
USCENTCOM,GCORG
USCG,GCORG
USCYBERCOM,GCORG
USD(A&S),GCPER
USD(C/CFO),GCPER
USD(I),GCPER
USD(P&R),GCPER
USD(P),GCPER
USD(R&E),GCPER
USEUCOM,GCORG
USFF,GCORG
USINDOPACOM,GCORG
USMA,GCORG
USMC,GCORG
USMC CID,GCORG
USMEPCOM,GCORG
USNA,GCORG
USNORTHCOM,GCORG
USSF,GCORG
USSOCOM,GCORG
USSOUTHCOM,GCORG
USSTRATCOM,GCORG
USTRANSCOM,GCORG
USUHS,GCORG
United States Court of Appeals for the Armed Forces,GCORG
VA,GCORG
VBA,GCORG
VDNC,GCORG
VETS,GCORG
VHA,GCORG
VJCS,GCPER
"Vice Director, Joint Staff",GCPER
WHS,GCPER
WSMR,GCPER
