AAFES,ORG
ACC,ORG
ACMC,PER
ADO,ORG
ADUSD(TP),PER
AETC,ORG
AFGSC,ORG
AFMC,ORG
AFOSI,ORG
AFRC,ORG
AFRH,ORG
AFRL,ORG
AFROTC,ORG
AFSOC,ORG
AFSPC,ORG
AMC,ORG
AMEDD,ORG
ANG,ORG
ARBA,ORG
ARL,ORG
ARNG,ORG
ASBCA,ORG
ASD(FM&P),PER
ASD(GSA),PER
ASD(HA),PER
ASD(HD&ASA),PER
ASD(HD&GS),PER
ASD(IO),PER
ASD(IPSA),PER
ASD(ISA),PER
ASD(L&MR),PER
ASD(LA),PER
ASD(NCB),PER
ASD(NII),PER
ASD(OEPP),PER
ASD(PA),PER
ASD(RA),PER
ASD(RI),PER
ASD(S),PER
ASD(SO/LIC&IC),PER
ASD(SO/LIC),PER
Assistant to the Chairman,PER
Assistant to the Chairman of the Joint Chiefs of Staff,PER
C4,PER
CAPE,PER
CBP,ORG
CCLTF,ORG
CCMD,ORG
CCMD,PER
CDO,PER
CDRAFNORTH,PER
CDRJSOTF,PER
CDRNORAD,PER
CDRSOJTF,PER
CDRTSOC,PER
CDRUSAFRICOM,PER
CDRUSARNORTH,PER
CDRUSCENTCOM,PER
CDRUSCYBERCOM,PER
CDRUSELEMNORAD,PER
CDRUSEUCOM,PER
CDRUSINDOPACOM,PER
CDRUSNORTHCOM,PER
CDRUSSOCOM,PER
CDRUSSOUTHCOM,PER
CDRUSSPACECOM,PER
CDRUSSTRATCOM,PER
CDRUSTRANSCOM,PER
CECER,ORG
CECRL,ORG
CELRD,ORG
CEMVD,ORG
CENAD,ORG
CENWD,ORG
CENWD-MR,ORG
CENWD-NP,ORG
CEPOD,ORG
CERT,ORG
CESAD,ORG
CESPD,ORG
CESWD,ORG
CETEC,ORG
CEWES,PER
CFO,PER
CG-00,PER
CHCOC,ORG
CIA,ORG
CIC,ORG
CIO,ORG
CISA,ORG
CJCS,PER
CMC,PER
CSS,ORG
Commandant of the U.S. Coast Guard,PER
Component Heads,PER
D/CIA,PER
DA&M,PER
DARPA,ORG
DAU,ORG
DCAA,ORG
DCIS,ORG
DCMA,ORG
DCSA,ORG
DECA,ORG
DFAS,ORG
DHA,ORG
DHM,PER
DHRA,ORG
DHS,ORG
DIA,ORG
DIRMOBFOR,PER
DIRNSA,PER
DIRSPACEFOR,PER
DISA,ORG
DJ-7,PER
DJS,PER
DLA,ORG
DLSA,ORG
DMA,ORG
DNFSB,ORG
DNI,PER
DOD,ORG
DOD EA,ORG
DoD EA,ORG
DOD TRMC,ORG
DOT&E,PER
DPAA,ORG
DPMO,ORG
DSCA,ORG
DSS,ORG
DTIC,ORG
DTRA,ORG
DTSA,ORG
DUSD(I&E),PER
DUSD(MPP),PER
DUSD(SPF),PER
OSD,ORG
DepSecDef,PER
Department of Defense,ORG
Department of Defense Civilian/Military Service Board,ORG
Department of the Air Force,ORG
Department of the Army,ORG
Department of the Navy,ORG
Director of Management,PER
Director of Military Family Readiness Policy,PER
Director of Small Business Programs,PER
"Director, DIA",PER
"Director, DLA",PER
DoD CIO,PER
DoD Civilian/Military Service Review Board,ORG
DoD Civilians Military Service Review Board,ORG
DoD Components,ORG
DoD Component Heads,PER
EMSO CFT,ORG
ESGR,ORG
ExecSec,PER
FVAP,ORG
GAO,ORG
GC DoD,PER
GC,PER
General Counsel,PER
GSA,ORG
HICE,PER
HICEs,PER
Heads of DoD Components,PER
Heads of the DoD Components,PER
J1,PER
J2,PER
J3,PER
J4,PER
J5,PER
J8,PER
JCS,ORG
JFSC,ORG
JPEOCBRND,ORG
JPRA,ORG
Joint History Office,ORG
MAJCOMS,ORG
MARFORCOM,ORG
MDA,ORG
MEU,ORG
MIB,ORG
MPSA,ORG
NAG,ORG
NASA,ORG
NCIS,ORG
NDU,ORG
NGA,ORG
NGB,ORG
NIU,ORG
NRL,ORG
NRO,ORG
NSA,ORG
OCMO,ORG
ODASD(MR),PER
ODNI,ORG
OSD Component heads,PER
OEA,ORG
OFT,PER
OJCS,ORG
ONA,PER
ONI,ORG
ONR,ORG
Office of the General Counsel,ORG
Office of the Secretary of Defense,ORG
PACAF,ORG
PCTTF,ORG
PDUSD(P&R),PER
PFPA,ORG
SCOTUS,ORG
SDA,ORG
SMA,PER
SMC,ORG
SMMC,PER
SSS,ORG
SoS,PER
SecDef,PER
Secretary of State,PER
Secretary of the Air Force,PER
Secretary of the Army,PER
Secretary of the Department of Veterans Affairs,PER
Secretary of the Navy,PER
UNDER SECRETARY OF DEFENSE (COMPTROLLER)/CHIEF FINANCIAL OFFICER,PER
UCC,ORG
USACE,ORG
USAF,ORG
USAFE,ORG
USAFMCOM,ORG
USAFRICOM,ORG
USAID,ORG
USCENTCOM,ORG
USCG,ORG
USCYBERCOM,ORG
USD(A&S),PER
USD(C/CFO),PER
USD(I),PER
USD(P&R),PER
USD(P),PER
USD(R&E),PER
USEUCOM,ORG
USFF,ORG
USINDOPACOM,ORG
USMA,ORG
USMC,ORG
USMC CID,ORG
USMEPCOM,ORG
USNA,ORG
USNORTHCOM,ORG
USSF,ORG
USSOCOM,ORG
USSOUTHCOM,ORG
USSTRATCOM,ORG
USTRANSCOM,ORG
USUHS,ORG
United States Court of Appeals for the Armed Forces,ORG
VA,ORG
VBA,ORG
VDNC,ORG
VETS,ORG
VHA,ORG
VJCS,PER
"Vice Director, Joint Staff",PER
WHS,PER
WSMR,PER
